{
  "n_texts": 5,
  "n_comparisons": 10,
  "titles": [
    "Advancements in Artificial Intelligence: Breakthroughs, Challenges and the Road Ahead",
    "Current State, Potentials and Challenges for the Use of Artificial Intelligence in the early Phase of Product Development: A Survey",
    "Exploration and Reflection of Legal Artificial Intelligence in Japan",
    "Design and Implementation of CDIO Teaching Empowered by Generative Artificial Intelligence: Taking the Course of “Post-Production Visual Effects” as an Example",
    "Application of Generative Artificial Intelligence to Explore the Innovative Path of Teaching Evaluation for Primary School Teachers"
  ],
  "similarities": {
    "Levenshtein": [
      0.21499999999999997,
      0.29500000000000004,
      0.24750000000000005,
      0.28,
      0.23750000000000004,
      0.27,
      0.235,
      0.25392670157068065,
      0.2690355329949239,
      0.25634517766497467
    ],
    "Jaccard": [
      0.1566265060240964,
      0.13414634146341464,
      0.06756756756756757,
      0.12658227848101267,
      0.12790697674418605,
      0.0641025641025641,
      0.10714285714285714,
      0.1111111111111111,
      0.2,
      0.13432835820895522
    ],
    "Cosine_TFIDF": [
      0.33327685041124894,
      0.27409081199760205,
      0.1318676386959192,
      0.20864658882507398,
      0.36210772874582026,
      0.16385211573285463,
      0.2644866392406949,
      0.21823659603213647,
      0.3481655246784618,
      0.20021790446463347
    ],
    "Dice": [
      0.2708333333333333,
      0.23655913978494625,
      0.12658227848101267,
      0.2247191011235955,
      0.2268041237113402,
      0.12048192771084337,
      0.1935483870967742,
      0.2,
      0.3333333333333333,
      0.23684210526315788
    ],
    "BERT": [
      0.891418993473053,
      0.8818958401679993,
      0.7975459694862366,
      0.8964948058128357,
      0.9144728183746338,
      0.8155781626701355,
      0.8857120275497437,
      0.801611602306366,
      0.8918793201446533,
      0.8687664270401001
    ],
    "SentenceBERT": [
      0.5890300273895264,
      0.5850893259048462,
      0.2591325640678406,
      0.25501585006713867,
      0.5709303617477417,
      0.3083779811859131,
      0.24721558392047882,
      0.42199230194091797,
      0.4551616609096527,
      0.4619772732257843
    ]
  },
  "statistics": {
    "Levenshtein": {
      "mean": 0.2559307412230579,
      "std": 0.022369163745382472,
      "min": 0.21499999999999997,
      "max": 0.29500000000000004,
      "median": 0.25513593961782766,
      "count": 10.0
    },
    "Jaccard": {
      "mean": 0.1229514560845765,
      "std": 0.037793728698234094,
      "min": 0.0641025641025641,
      "max": 0.2,
      "median": 0.12724462761259936,
      "count": 10.0
    },
    "Cosine_TFIDF": {
      "mean": 0.2504948398824446,
      "std": 0.07516742406306526,
      "min": 0.1318676386959192,
      "max": 0.36210772874582026,
      "median": 0.24136161763641567,
      "count": 10.0
    },
    "Dice": {
      "mean": 0.21697037298383365,
      "std": 0.05974405300093807,
      "min": 0.12048192771084337,
      "max": 0.3333333333333333,
      "median": 0.22576161241746784,
      "count": 10.0
    },
    "BERT": {
      "mean": 0.8645375967025757,
      "std": 0.04073954114029878,
      "min": 0.7975459694862366,
      "max": 0.9144728183746338,
      "median": 0.8838039338588715,
      "count": 10.0
    },
    "SentenceBERT": {
      "mean": 0.415392293035984,
      "std": 0.13296906951566345,
      "min": 0.24721558392047882,
      "max": 0.5890300273895264,
      "median": 0.43857698142528534,
      "count": 10.0
    }
  }
}